,day,to,from,title,contents
0,2019-08-11,ALL,azumi,a,天才とは努力する凡才のことである．
1,2019-08-12,ALL,azumi,b,今日は暑いですね．
2,2019-08-12,ALL,azumi,aaa,qqq
3,2019-08-12,ALL,azumi,ssgs,gsgsgfs
4,2019-08-12,ALL,azumi,dsafa,fafsa
5,2019-08-13,ALL,azumi,aaa,skfjklajdskfa
6,2019-08-14,ALL,daiki,aaa,afadf
7,2019-08-15,ALL,azumi,台風,今日は台風なので気を付けてトレーニングしましょう！
8,2019-08-15,ALL,azumi,,
9,2019-08-15,ALL,azumi,,
10,2019-08-15,ALL,azumi,,
11,2019-08-16,ALL,azumi,aaaaa,
12,2019-08-17,ALL,azumi,ああああ,"あああああああああああああああああああああああああああああああああああああああああ
あああああ"
